{"cameraMode":{"drawMode":0,"name":"Shaded","section":"Shading Mode"},"sceneLighting":false,"audioPlay":false,"sceneViewState":{"showFog":true,"showMaterialUpdate":false,"showSkybox":false,"showFlares":true,"showImageEffects":true,"showParticleSystems":true},"in2DMode":false,"pivot":{"x":8.763072967529297,"y":-4.162990570068359,"z":4.464541435241699},"rotation":{"x":0.24404986202716828,"y":0.7280393242835999,"z":-0.3201657235622406,"w":0.5549525618553162},"size":7.634679317474365,"orthographic":false}