{"cameraMode":{"drawMode":0,"name":"Shaded","section":"Shading Mode"},"sceneLighting":true,"audioPlay":false,"sceneViewState":{"showFog":true,"showMaterialUpdate":false,"showSkybox":true,"showFlares":true,"showImageEffects":true,"showParticleSystems":true},"in2DMode":false,"pivot":{"x":96.44671630859375,"y":-42.73731994628906,"z":214.31431579589845},"rotation":{"x":0.1742192953824997,"y":0.09027049690485,"z":-0.015902167186141015,"w":0.9806618690490723},"size":118.83917999267578,"orthographic":false}