{"cameraMode":{"drawMode":0,"name":"Shaded","section":"Shading Mode"},"sceneLighting":true,"audioPlay":false,"sceneViewState":{"showFog":true,"showMaterialUpdate":false,"showSkybox":true,"showFlares":true,"showImageEffects":true,"showParticleSystems":true},"in2DMode":false,"pivot":{"x":36.682472229003909,"y":-90.59709167480469,"z":203.58509826660157},"rotation":{"x":0.24671083688735963,"y":0.025003943592309953,"z":-0.006243075709789991,"w":0.9689808487892151},"size":118.83917999267578,"orthographic":false}